{
 "n": 32,
 "n_eigenvalues": 12,
 "observable": "differential: max|shift1-shift2|, shift=lambda(V)-lambda(0)",
 "CORRECTION": "Original observable compared the two drums' spectra directly against a ~1e-15 floor that only existed because of K2's grid bug (drums disconnected into congruent pieces). On a correct grid that floor is ~2e-2 discretisation error, which swamped the signal (alpha-scaling read p~0.03). Replaced by the differential observable, which cancels common-mode discretisation error and is resolution-stable.",
 "uniform_splits": {
  "1.0": 7.389644451902897e-13,
  "5.0": 1.6484591469634008e-13,
  "50.0": 1.193711796076967e-14
 },
 "unit_strength_splits": {
  "linear ramp  V=\u03b1\u00b7x": 0.6706378783965484,
  "gaussian bump V=\u03b1\u00b7e^(\u2212|r\u2212r\u2080|\u00b2/0.2)": 1.4453700506991531,
  "radial well  V=\u03b1\u00b7|r\u2212r\u2080|\u00b2": 1.0624435199703406,
  "tile-local   V=\u03b1\u00b7(fx+fy)": 0.14330808826443261
 },
 "scaling": {
  "linear ramp": {
   "alphas": [
    0.01,
    0.03,
    0.1,
    0.3
   ],
   "splits": [
    0.007908255002107012,
    0.02372401639230759,
    0.0790684870686249,
    0.23703255654216093
   ],
   "p": 0.9997494856530702
  },
  "gaussian bump": {
   "alphas": [
    0.01,
    0.03,
    0.1,
    0.3
   ],
   "splits": [
    0.003033732098344899,
    0.009104406624658168,
    0.030384939436942204,
    0.09145722205794016
   ],
   "p": 1.001387561968667
  }
 },
 "res64": {
  "linear ramp  V=\u03b1\u00b7x": 0.6800194482633738,
  "gaussian bump V=\u03b1\u00b7e^(\u2212|r\u2212r\u2080|\u00b2/0.2)": 1.4724293504174972
 },
 "uniform_control_n64": 1.8758328224066162e-13,
 "M4a_kill_ANY": true,
 "M4b_fragility_pass": true,
 "M4c_first_order_pass": true,
 "M4d_protection_pass": true,
 "M4e_canary_pass": true,
 "verdict": "KILLED",
 "all_pass": true,
 "summary": "M4 (KILLED as literally stated): a UNIFORM coupling shifts both GWW drums identically (1.6e-13 differential), so it adds zero distinguishing power and the postulate's 'ANY nonzero coupling' is false. Its substance survives: every spatially-varying coupling distinguishes them (ramp 0.67, bump 1.45, tile-local 0.14) \u2014 twelve orders above the uniform case \u2014 linearly in coupling strength (p~1). Tile-locality is not protection; only constants are. Observable corrected 2026-07-24 after K2's grid bug; conclusions unchanged, now measured on a resolution-stable differential."
}