{
 "chaotic_eps0.35": {
  "min": 0.024518625957082374,
  "median": 0.3105018127454843
 },
 "chaotic_eps0.6": {
  "min": 0.1035128590846544,
  "median": 0.4520353492262849
 },
 "axi_eps0.35": {
  "min": 0.17291422652628108,
  "median": 0.7223622647524823
 },
 "axi_eps0.6": {
  "min": 0.12909812747868607,
  "median": 0.7773481145898098
 },
 "axi_eps1.0": {
  "min": 0.06645159771116046,
  "median": 0.8133953575199865
 },
 "axi_eps1.5": {
  "min": 0.06339185148058944,
  "median": 0.8465892751999634
 },
 "verdict": "REFINED \u2014 SALI works; the real bump DOES reach chaos at high \u03b5 (locates the chaos boundary above 0.35, as Move D bounded it).",
 "sali_validated": true,
 "axi_reaches_chaos": true
}