{
 "chi_measured": 0.7872401475906372,
 "chi_from_Q": 0.8182976345209183,
 "chi_from_MwR": 0.8156920044816409,
 "spread": 0.0026056300392773846,
 "consistent": true
}