{
 "schwarzschild/dimensionful": {
  "linear_spectrum": [
   0.9950299859046936,
   0.00494999997317791,
   1.9999999494757503e-05,
   0.0,
   0.0,
   0.0,
   0.0,
   0.0
  ],
  "n_linear_kept": 3,
  "n_features": 8,
  "std_R2": {
   "0": [
    -9.119510650634766e-05,
    5.7506094890413806e-05
   ],
   "1": [
    0.9999626278877258,
    2.2635485947830603e-05
   ],
   "2": [
    0.9999753832817078,
    1.9038870959775522e-05
   ],
   "3": [
    0.9999000430107117,
    6.786615267628804e-05
   ],
   "4": [
    0.9999735951423645,
    2.2971669750404544e-05
   ]
  },
  "white_R2": {
   "0": [
    -0.00033974647521972656,
    0.0001876239402918145
   ],
   "1": [
    0.9834086298942566,
    0.007354270666837692
   ],
   "2": [
    0.9999729990959167,
    2.28764365601819e-05
   ],
   "3": [
    0.9999575614929199,
    3.0304356187116355e-05
   ],
   "4": [
    0.999992311000824,
    3.913533873856068e-06
   ]
  }
 },
 "rn/dimensionful": {
  "linear_spectrum": [
   0.9886699914932251,
   0.0071299998089671135,
   0.00418000016361475,
   9.999999747378752e-06,
   0.0,
   0.0,
   0.0,
   0.0
  ],
  "n_linear_kept": 5,
  "n_features": 8,
  "std_R2": {
   "0": [
    -0.0006515582208521664,
    0.00032251482480205595
   ],
   "1": [
    0.9931793212890625,
    4.441424607648514e-05
   ],
   "2": [
    0.9999677538871765,
    1.3221039807831403e-05
   ],
   "3": [
    0.9999737739562988,
    4.999334123567678e-06
   ],
   "4": [
    0.9999725818634033,
    1.3343544196686707e-05
   ]
  },
  "white_R2": {
   "0": [
    -0.0004758437571581453,
    6.142847996670753e-05
   ],
   "1": [
    0.8426545262336731,
    0.024261415004730225
   ],
   "2": [
    0.9970131516456604,
    0.004129492212086916
   ],
   "3": [
    0.9993215203285217,
    0.0009059777949005365
   ],
   "4": [
    0.9999642372131348,
    2.049362774414476e-05
   ]
  }
 },
 "dyonic/dimensionful": {
  "linear_spectrum": [
   0.9885799884796143,
   0.007860000245273113,
   0.003539999946951866,
   9.999999747378752e-06,
   0.0,
   0.0,
   0.0,
   0.0
  ],
  "n_linear_kept": 5,
  "n_features": 8,
  "std_R2": {
   "0": [
    -0.0001790920941857621,
    0.00010638248932082206
   ],
   "1": [
    0.9926019310951233,
    2.061395935015753e-05
   ],
   "2": [
    0.9999679923057556,
    8.677817277202848e-06
   ],
   "3": [
    0.9999703764915466,
    1.7565647794981487e-05
   ],
   "4": [
    0.9999776482582092,
    1.0015531188400928e-05
   ]
  },
  "white_R2": {
   "0": [
    -0.0010592142352834344,
    0.00028645567363128066
   ],
   "1": [
    0.8267548680305481,
    0.019056398421525955
   ],
   "2": [
    0.9989106059074402,
    0.0014927497832104564
   ],
   "3": [
    0.9985054135322571,
    0.0011823892127722502
   ],
   "4": [
    0.9999200701713562,
    4.268132397555746e-05
   ]
  }
 },
 "schwarzschild/shape": {
  "count_note": "no varying features -> 0",
  "std_R2": {
   "0": 1.0
  },
  "white_R2": {
   "0": 1.0
  }
 },
 "rn/shape": {
  "linear_spectrum": [
   0.9983400106430054,
   0.0016599999507889152,
   0.0,
   0.0,
   0.0,
   0.0,
   0.0,
   0.0
  ],
  "n_linear_kept": 3,
  "n_features": 8,
  "std_R2": {
   "0": [
    -5.344549936125986e-05,
    4.4820611947216094e-05
   ],
   "1": [
    0.9999434351921082,
    6.710474553983659e-05
   ],
   "2": [
    0.9999735951423645,
    2.692006091820076e-05
   ],
   "3": [
    0.9999602437019348,
    4.1300714656244963e-05
   ],
   "4": [
    0.9999938607215881,
    2.0636180124711245e-06
   ]
  },
  "white_R2": {
   "0": [
    -0.0007906754617579281,
    0.0003883999597746879
   ],
   "1": [
    0.9952292442321777,
    0.005211508367210627
   ],
   "2": [
    0.9993581771850586,
    0.0007930572610348463
   ],
   "3": [
    0.9999625086784363,
    3.690820813062601e-05
   ],
   "4": [
    0.9999585151672363,
    4.858307511312887e-05
   ]
  }
 },
 "dyonic/shape": {
  "linear_spectrum": [
   0.9981899857521057,
   0.0017999999690800905,
   0.0,
   0.0,
   0.0,
   0.0,
   0.0,
   0.0
  ],
  "n_linear_kept": 3,
  "n_features": 8,
  "std_R2": {
   "0": [
    -0.0017878214130178094,
    0.00019413286645431072
   ],
   "1": [
    0.9999567866325378,
    4.119235745747574e-05
   ],
   "2": [
    0.9999876618385315,
    7.2008233473752625e-06
   ],
   "3": [
    0.9999960064888,
    1.266744789063523e-06
   ],
   "4": [
    0.9999948143959045,
    1.6082212823675945e-06
   ]
  },
  "white_R2": {
   "0": [
    -0.004618287086486816,
    0.0011873343028128147
   ],
   "1": [
    0.9883278012275696,
    0.010238834656774998
   ],
   "2": [
    0.9999635815620422,
    3.118473614449613e-05
   ],
   "3": [
    0.9999794363975525,
    1.1807538612629287e-05
   ],
   "4": [
    0.9999931454658508,
    1.971463689187658e-06
   ]
  }
 }
}