{
 "A90_range": [
  1.599292827080042,
  1.8154300191402784
 ],
 "ringdown_snr": [
  7.0,
  8.0
 ],
 "R_eff_upper_limit_90pct": [
  0.19991160338500524,
  0.2593471455914683
 ]
}