{
 "kerr/dimensionful": {
  "linear_spectrum": [
   0.762470006942749,
   0.23180000483989716,
   0.0032999999821186066,
   0.0021200000774115324,
   0.0002800000074785203,
   1.9999999494757503e-05,
   9.999999747378752e-06,
   0.0,
   0.0,
   0.0,
   0.0,
   0.0,
   0.0
  ],
  "n_linear_kept": 8,
  "n_features": 13,
  "std_R2": {
   "0": [
    -0.00018143653869628906,
    7.320000440813601e-05
   ],
   "1": [
    0.914050281047821,
    0.006631944794207811
   ],
   "2": [
    0.9999731183052063,
    4.167497081652982e-06
   ],
   "3": [
    0.9999828934669495,
    3.4994577617908362e-06
   ],
   "4": [
    0.9999673366546631,
    1.6469335605506785e-05
   ]
  },
  "white_R2": {
   "0": [
    -0.0006161530618555844,
    9.299274097429588e-05
   ],
   "1": [
    0.7511203289031982,
    0.0210194643586874
   ],
   "2": [
    0.988825798034668,
    0.007886845618486404
   ],
   "3": [
    0.9999249577522278,
    2.6060388336190954e-05
   ],
   "4": [
    0.9999240040779114,
    3.433204983593896e-05
   ]
  },
  "count": 2
 },
 "kn_full/dimensionful": {
  "linear_spectrum": [
   0.7763699889183044,
   0.21565000712871552,
   0.004459999967366457,
   0.002319999970495701,
   0.0010100000072270632,
   0.0001500000071246177,
   1.9999999494757503e-05,
   0.0,
   0.0,
   0.0,
   0.0,
   0.0,
   0.0
  ],
  "n_linear_kept": 10,
  "n_features": 13,
  "std_R2": {
   "0": [
    -0.0008030732278712094,
    0.0003739919629879296
   ],
   "1": [
    0.9121670722961426,
    0.003776728408411145
   ],
   "2": [
    0.9962300658226013,
    1.3216873412602581e-05
   ],
   "3": [
    0.9999578595161438,
    7.6061537583882455e-06
   ],
   "4": [
    0.9999701976776123,
    5.405542196967872e-06
   ]
  },
  "white_R2": {
   "0": [
    -0.0010546445846557617,
    0.0001473082520533353
   ],
   "1": [
    0.5856110453605652,
    0.03316958248615265
   ],
   "2": [
    0.8945617079734802,
    0.0036731173750013113
   ],
   "3": [
    0.989739179611206,
    0.013944699428975582
   ],
   "4": [
    0.9966802000999451,
    0.0010875614825636148
   ]
  },
  "count": 3
 },
 "kn_deg/dimensionful": {
  "linear_spectrum": [
   0.8414499759674072,
   0.15841999650001526,
   0.00013000000035390258,
   0.0,
   0.0,
   0.0
  ],
  "n_linear_kept": 3,
  "n_features": 6,
  "std_R2": {
   "0": [
    -0.0027364492416381836,
    0.0004424193757586181
   ],
   "1": [
    0.92266446352005,
    0.0026808048132807016
   ],
   "2": [
    0.9999434351921082,
    2.0246696294634603e-05
   ],
   "3": [
    0.9999616146087646,
    1.6117115592351183e-05
   ],
   "4": [
    0.9999799728393555,
    1.0485223356226925e-05
   ]
  },
  "white_R2": {
   "0": [
    -0.0011458793887868524,
    0.00028786654002033174
   ],
   "1": [
    0.8905636668205261,
    0.0059226020239293575
   ],
   "2": [
    0.998833954334259,
    0.0015987928491085768
   ],
   "3": [
    0.9999497532844543,
    7.179494332376635e-06
   ],
   "4": [
    0.9999549984931946,
    2.6419564164825715e-05
   ]
  },
  "count": 2
 },
 "kerr/shape": {
  "linear_spectrum": [
   0.9873700141906738,
   0.012620000168681145,
   9.999999747378752e-06,
   0.0,
   0.0,
   0.0,
   0.0,
   0.0,
   0.0
  ],
  "n_linear_kept": 4,
  "n_features": 9,
  "std_R2": {
   "0": [
    -0.0004440148768480867,
    6.697259232169017e-05
   ],
   "1": [
    0.9999940991401672,
    1.9191090814274503e-06
   ],
   "2": [
    0.9999663233757019,
    4.447056562639773e-05
   ],
   "3": [
    0.9999969005584717,
    1.9039307517232373e-06
   ],
   "4": [
    0.9999263882637024,
    9.691454761195928e-05
   ]
  },
  "white_R2": {
   "0": [
    -0.0008331537246704102,
    0.00017417495837435126
   ],
   "1": [
    0.983025848865509,
    0.007309990469366312
   ],
   "2": [
    0.9999508261680603,
    5.447026342153549e-05
   ],
   "3": [
    0.9999502301216125,
    2.908808528445661e-05
   ],
   "4": [
    0.9999751448631287,
    1.1316200470901094e-05
   ]
  },
  "count": 1
 },
 "kn_full/shape": {
  "linear_spectrum": [
   0.6302099823951721,
   0.36368000507354736,
   0.005609999876469374,
   0.0003800000122282654,
   0.00011000000085914508,
   0.0,
   0.0,
   0.0,
   0.0,
   0.0,
   0.0,
   0.0,
   0.0
  ],
  "n_linear_kept": 8,
  "n_features": 13,
  "std_R2": {
   "0": [
    -0.0004006624221801758,
    0.0002849189913831651
   ],
   "1": [
    0.9139114022254944,
    0.003116786479949951
   ],
   "2": [
    0.9999475479125977,
    1.8787317458190955e-05
   ],
   "3": [
    0.999978244304657,
    1.834187060012482e-05
   ],
   "4": [
    0.9999866485595703,
    6.657334324700059e-06
   ]
  },
  "white_R2": {
   "0": [
    -0.0011042356491088867,
    0.00013574901095125824
   ],
   "1": [
    0.7513236403465271,
    0.012223816476762295
   ],
   "2": [
    0.9867869019508362,
    0.010272483341395855
   ],
   "3": [
    0.9986292719841003,
    0.001744949957355857
   ],
   "4": [
    0.9999163746833801,
    3.197167461621575e-05
   ]
  },
  "count": 2
 },
 "kn_deg/shape": {
  "linear_spectrum": [
   0.9978100061416626,
   0.0021899999119341373,
   0.0,
   0.0,
   0.0,
   0.0
  ],
  "n_linear_kept": 2,
  "n_features": 6,
  "std_R2": {
   "0": [
    -0.0003530184330884367,
    4.8696601879782975e-05
   ],
   "1": [
    0.9999722838401794,
    2.7731557565857656e-05
   ],
   "2": [
    0.9999929070472717,
    1.1022831358786789e-06
   ],
   "3": [
    0.9999811053276062,
    1.816504664020613e-05
   ],
   "4": [
    0.9999587535858154,
    3.942799594369717e-05
   ]
  },
  "white_R2": {
   "0": [
    -0.00018103916954714805,
    8.668990631122142e-05
   ],
   "1": [
    0.9962510466575623,
    0.00528462789952755
   ],
   "2": [
    0.9999229311943054,
    8.803138189250603e-05
   ],
   "3": [
    0.9999487400054932,
    4.903238368569873e-05
   ],
   "4": [
    0.9999906420707703,
    8.097461432043929e-06
   ]
  },
  "count": 1
 }
}