{
 "resolutions": [
  {
   "n": 16,
   "N1": 904,
   "N2": 888,
   "rel": 0.06870841802315285,
   "lam": [
    9.069156706470947,
    12.880874518871735,
    18.78165331497399,
    23.77865811497264,
    26.253543388309552,
    33.92293095477978
   ]
  },
  {
   "n": 32,
   "N1": 3600,
   "N2": 3568,
   "rel": 0.04102910875839498,
   "lam": [
    9.59003356026978,
    13.706881463842926,
    19.710679005710833,
    24.952712889708813,
    27.576583000008384,
    35.39679579755929
   ]
  },
  {
   "n": 64,
   "N1": 14368,
   "N2": 14304,
   "rel": 0.021728382089173767,
   "lam": [
    9.864840312706882,
    14.152067974284702,
    20.19681293052989,
    25.548162217993582,
    28.27084710095863,
    36.12108402469921
   ]
  },
  {
   "n": 96,
   "N1": 32304,
   "N2": 32208,
   "rel": 0.014684685368961425,
   "lam": [
    9.95889620337451,
    14.305710300788784,
    20.36267906894437,
    25.747988077352108,
    28.50783938356637,
    36.36056437966562
   ]
  }
 ],
 "n_eigenvalues": 20,
 "grid_offsets": [
  0.5,
  0.25
 ],
 "convergence_order_h": 0.9663327112631714,
 "rel_shrink_factor": 4.678916592137531,
 "monotone_convergence": true,
 "geometry": {
  "area": [
   3.5,
   3.5
  ],
  "perimeter": [
   10.242640687119284,
   10.242640687119284
  ],
  "same_area_perimeter": true,
  "congruent": false
 },
 "K2a_kill": true,
 "K2b_geometry_pass": true,
 "K2c_convergence_pass": true,
 "RETRACTION": "The pre-fix run reported resolution-independent EXACT agreement (~1e-15). That was an artifact of a grid bug that disconnected each drum into the same 3 congruent pieces, making the two operators one matrix relabelled. Found by tabula, confirmed by the bridge. Corrected here: connected grids, convergent (not exact) agreement.",
 "spectrum_drum1": [
  9.9588962033745,
  14.305710300788773,
  20.362679068944388,
  25.74798807735215,
  28.5078393835664,
  36.360564379665654,
  41.641520707972674,
  45.27257846058979,
  48.615148966248015,
  51.41584611478093,
  56.56017617138338,
  62.09866177859928,
  66.56101283981945,
  69.74536484144497,
  74.6225639669825,
  82.42329053314226,
  83.55136913945925,
  87.56196641576466,
  93.24563609587717,
  95.97222561133157
 ],
 "spectrum_drum2": [
  9.976032710055776,
  14.433358561394813,
  20.426064955331842,
  25.867093089795986,
  28.57949943143726,
  36.45745222863044,
  41.68674652615913,
  45.59362640517927,
  48.74864375361029,
  51.5622031064911,
  56.374036154737624,
  62.6976666429277,
  67.14052783323383,
  69.78295572171734,
  74.9179365414643,
  82.76567675840805,
  83.73637777506775,
  87.57163979698366,
  93.17139247007327,
  96.77586780808734
 ],
 "verdict": "KILLED",
 "all_pass": true,
 "summary": "K2 (KILLED): the Gordon-Webb-Wolpert drums \u2014 two non-congruent domains (proved by exhaustive dihedral+translation search) sharing area 3.5 and perimeter \u2014 have Dirichlet spectra that CONVERGE to each other as the grid refines (6.87e-02 at n=16 to 1.47e-02 at n=96, order ~h^0.97), consistent with the exact continuum isospectrality of the GWW theorem. The mass tower does not determine the hidden geometry. CORRECTION: an earlier run claimed resolution-independent EXACT agreement; that was a grid-bug artifact (each drum was disconnected into the same 3 congruent pieces, so the two operators were one matrix relabelled) \u2014 found by tabula, confirmed and fixed here, with a connectivity assertion added as a regression guard. Known theorem (Kac 1966 / GWW 1992); no novelty claimed."
}