{
 "resolutions": [
  {
   "n": 16,
   "N1": 840,
   "N2": 840,
   "aligned": true,
   "rel": 3.252162370288145e-15,
   "lam1": 17.974941482400077,
   "lam": [
    17.974941482400077,
    17.97494148240008,
    29.253773980031134,
    29.25377398003117,
    43.29199150681209,
    46.773299743149146
   ]
  },
  {
   "n": 24,
   "N1": 1988,
   "N2": 1981,
   "aligned": false,
   "rel": NaN,
   "lam1": 16.927634108751732,
   "lam": [
    16.927634108751732,
    17.935432557912897,
    27.46863423515587,
    28.740121145487194,
    40.4789287144549,
    44.49151596723418
   ]
  },
  {
   "n": 32,
   "N1": 3472,
   "N2": 3472,
   "aligned": true,
   "rel": 7.10921065274995e-15,
   "lam1": 18.611427700359453,
   "lam": [
    18.611427700359453,
    18.611427700359464,
    29.869034372577282,
    29.86903437257738,
    46.283530576299434,
    48.184259568611054
   ]
  },
  {
   "n": 64,
   "N1": 14112,
   "N2": 14112,
   "aligned": true,
   "rel": 4.659946266007316e-15,
   "lam1": 18.93883747331957,
   "lam": [
    18.93883747331957,
    18.93883747331961,
    30.143464220413506,
    30.14346422041355,
    47.8096461826031,
    48.79936798285801
   ]
  }
 ],
 "n_eigenvalues": 20,
 "geometry": {
  "area": [
   3.5,
   3.5
  ],
  "perimeter": [
   10.242640687119284,
   10.242640687119284
  ],
  "same_area_perimeter": true,
  "congruent": false
 },
 "K2a_kill": true,
 "K2b_geometry_pass": true,
 "K2c_exactness_pass": true,
 "spectrum_drum1": [
  18.93883747331957,
  18.938837473319627,
  30.14346422041342,
  30.14346422041353,
  47.80964618260311,
  48.79936798285816,
  48.79936798285817,
  58.23389085087483,
  58.23389085087484,
  62.97221862170798,
  62.97221862170801,
  81.6865839528437,
  81.68658395284403,
  89.233610297464,
  89.23361029746427,
  95.52997348656989,
  97.53394188877627,
  97.53394188877635,
  111.694731492407,
  111.69473149240716
 ],
 "spectrum_drum2": [
  18.938837473319513,
  18.938837473319563,
  30.14346422041342,
  30.14346422041358,
  47.80964618260295,
  48.79936798285808,
  48.7993679828582,
  58.23389085087463,
  58.23389085087472,
  62.97221862170782,
  62.97221862170805,
  81.68658395284353,
  81.68658395284386,
  89.233610297464,
  89.23361029746405,
  95.52997348656997,
  97.53394188877614,
  97.53394188877627,
  111.69473149240694,
  111.69473149240703
 ],
 "verdict": "KILLED",
 "all_pass": true,
 "summary": "K2 (KILLED): the Gordon-Webb-Wolpert drums \u2014 two non-congruent domains (proved by exhaustive dihedral+translation search) sharing area 3.5 and perimeter \u2014 have identical Dirichlet spectra to machine precision (rel \u2264 1e-10) at every aligned resolution, resolution-INDEPENDENTLY, confirming the discrete transplantation is combinatorially exact rather than an FD approximation. The mass tower does not determine the hidden geometry. Known theorem (Kac 1966 / GWW 1992); no novelty claimed \u2014 a worked demonstration on the family's own instrument, setting up K5, M4 and the converse V3."
}