{
 "measured": {
  "f220_Hz": 257.76057345088043,
  "tau220_ms": 4.944028112360777,
  "Q220": 4.003568775942979,
  "MwR_sbi": 0.6286239037409141,
  "MwR_220": 0.5964077058421675,
  "delta": [
   -0.1620241105556488,
   -0.45987184941768644,
   0.3343527778983116
  ],
  "M_sbi": 78.80340957641602,
  "chi_sbi": 0.7872401475906372,
  "M_220": 74.76483226031041,
  "chi_220": 0.8154877102255288
 },
 "ansatz_eikonal": {
  "chi_sbi": {
   "a": 0.787,
   "r_ph": 1.8394621856209536,
   "b_c": 3.2818032233801357,
   "Omega_c": 0.30471053013655,
   "lyap": 0.16333338929587712,
   "MwR": 0.6094210602731,
   "MwI": 0.08166669464793856,
   "Q": 3.73114807021569,
   "unification": 0.9999999999999997,
   "Wr_resid": 5.3290705182007506e-09
  },
  "chi_220": {
   "a": 0.815,
   "r_ph": 1.777354407326987,
   "b_c": 3.1845236798827523,
   "Omega_c": 0.3140187043723971,
   "lyap": 0.1585695413564639,
   "MwR": 0.6280374087447942,
   "MwI": 0.07928477067823195,
   "Q": 3.960643408389306,
   "unification": 1.0000000000000002,
   "Wr_resid": 7.283063041541026e-09
  },
  "schwarzschild": {
   "a": 0.0,
   "r_ph": 3.0,
   "b_c": 5.196152422706632,
   "Omega_c": 0.19245008972987526,
   "lyap": 0.1924505250161203,
   "MwR": 0.3849001794597505,
   "MwI": 0.09622526250806016,
   "Q": 1.999995476382878,
   "unification": 1.0,
   "Wr_resid": 1.3322676295501878e-10
  }
 },
 "verdicts": {
  "P1": true,
  "P2": true,
  "P3": true,
  "P4": true,
  "bridge_established": true
 }
}