{
 "event": "GW250114_082203",
 "package": "ringdown (Isi/Farr FD), deepstrain \u00a721",
 "spectrum_check": {
  "M": 74.76627789408292,
  "chi": 0.7289747014120042,
  "f220_package": 236.31648594805728,
  "f220_leaver": 236.02362981170978,
  "err220": 0.001239253940209088,
  "f221_package": 231.81727139196556,
  "f221_leaver": 231.46868716226138,
  "err221": 0.00150370258268974,
  "tau220_leaver_ms": 4.626354365146171,
  "tau221_leaver_ms": 1.5313634689455817
 },
 "three_pipelines": {
  "bridge_leaver_v2": {
   "M": 74.76481559651923,
   "chi": 0.8154875189843533
  },
  "deepstrain_npe": {
   "M": 76.3431282043457,
   "chi": 0.7657371759414673
  },
  "package_n2": {
   "M": 74.76627789408292,
   "chi": 0.7289747014120042,
   "M90": [
    70.44069773385863,
    78.95256420421634
   ],
   "chi90": [
    0.6440253614584668,
    0.7950427869280424
   ]
  },
  "mass_agree_Msun": 0.001462297563691095,
  "v2_M_inside_pkg90": true,
  "v2_chi_inside_pkg90": false
 },
 "overtone": {
  "a221_over_a220": 1.0174214009258948,
  "p_a221_below_10pct": 0.0,
  "n1_mass": 84.57614010718046,
  "n2_mass": 74.76627789408292
 }
}