{
 "legibility_gap": {
  "curved_S1": {
   "lin": 0.8686872476249317,
   "nl": 0.9956095694276207,
   "gap": 0.12692232180268903
  },
  "flat_line": {
   "lin": 0.9920579142629721,
   "nl": 0.9998113571490935,
   "gap": 0.007753442886121453
  }
 },
 "bulk_edge": {
  "curved_hyperbolic": {
   "bulk": 0.05031106764722953,
   "edge": 0.0666731252308951,
   "ratio": 1.3252178566034978
  },
  "flat_euclidean": {
   "bulk": 0.048122005149810236,
   "edge": 0.022602322552680507,
   "ratio": 0.4696878794288903
  }
 },
 "sweep_gap_vs_kappa": [
  [
   1,
   0.17048769718255263
  ],
  [
   2,
   0.1500396342257322
  ],
  [
   4,
   0.08916083309106937
  ],
  [
   8,
   0.07506921170133052
  ],
  [
   16,
   0.043654565614125396
  ]
 ],
 "sweep_edge_vs_rmax": [
  [
   0.8,
   0.7758626473748191,
   0.47204795666607763
  ],
  [
   0.9,
   0.9477748829017324,
   0.4328137927484987
  ],
  [
   0.95,
   1.258506664120708,
   0.4535473664219556
  ],
  [
   0.99,
   2.3203898981495157,
   0.5496376944073308
  ]
 ],
 "verdicts": {
  "A1": 0.0,
  "A2": true,
  "B1": 0.0,
  "B2": 1.0,
  "directional_contrast": 1.0,
  "bulk_edge_scales": 1.0,
  "legibility_topology_specific": 1.0,
  "supported": 1.0,
  "frozen_thresholds_all": 0.0
 }
}