{
 "eps": 0.12,
 "library": "L3",
 "lam": 0.0,
 "verdict": "DESTROYED",
 "heldout_varratio": 0.02042331917904283,
 "coeffs": {
  "c_ptheta2": -0.0009305946753546199,
  "c_cos2": 0.6280143796541433,
  "c_cos2_E2": -0.7572336813100867,
  "c_cos2_Lz2_csc2": 0.0023515997940277145
 },
 "n_traj": 27
}