{
 "eps": 0.25,
 "library": "L3",
 "lam": 0.0,
 "verdict": "DESTROYED",
 "heldout_varratio": 0.03554370043856338,
 "coeffs": {
  "c_ptheta2": -0.0004451831577309667,
  "c_cos2": 0.6201831219858386,
  "c_cos2_E2": -0.7444346792411205,
  "c_cos2_Lz2_csc2": 0.002691432796899011
 },
 "n_traj": 27
}