{
 "eps": 0.05,
 "library": "L2",
 "lam": 0.5,
 "verdict": "EXISTS",
 "heldout_varratio": 0.007334117501387449,
 "coeffs": {
  "c_ptheta2": 0.0025365947230534536,
  "c_cos2": -0.6529194539823479,
  "c_cos2_E2": 0.7574230660503738,
  "c_cos2_Lz2_csc2": -0.00022652473346873714
 },
 "n_traj": 27
}