{
 "eps": 0.02,
 "library": "L1",
 "lam": 0.0,
 "verdict": "EXISTS",
 "heldout_varratio": 0.004254353011408137,
 "coeffs": {
  "c_ptheta2": 0.004043350777157375,
  "c_cos2": -0.655524348532564,
  "c_cos2_E2": 0.7551624544136042,
  "c_cos2_Lz2_csc2": 0.001071092652991327
 },
 "n_traj": 27
}