{
 "eps": 0.08,
 "library": "L3",
 "lam": 0.0,
 "verdict": "DESTROYED",
 "heldout_varratio": 0.013132840381025095,
 "coeffs": {
  "c_ptheta2": -0.0013366938911361901,
  "c_cos2": 0.6293707081282952,
  "c_cos2_E2": -0.7594741970458582,
  "c_cos2_Lz2_csc2": 0.001924723259818514
 },
 "n_traj": 27
}