{
 "eps": 0.18,
 "library": "L3",
 "lam": 0.0,
 "verdict": "DESTROYED",
 "heldout_varratio": 0.032541268308197716,
 "coeffs": {
  "c_ptheta2": -0.0005826380018455356,
  "c_cos2": 0.6257772696837489,
  "c_cos2_E2": -0.7517322314184539,
  "c_cos2_Lz2_csc2": 0.002628356252030654
 },
 "n_traj": 27
}