{
 "N": 500,
 "mu": 0.0001,
 "L_sweep": [
  20,
  30,
  40,
  50,
  60,
  70,
  80,
  90,
  100,
  110,
  120,
  130,
  140,
  150,
  160,
  170,
  180,
  190,
  200
 ],
 "S": [
  2.954536427518387,
  3.0855106105573555,
  3.177680174629109,
  3.248393609431764,
  3.305374659934806,
  3.3527406750117366,
  3.3929467890444944,
  3.4275740440541034,
  3.457699316830022,
  3.4840879443107466,
  3.5073021391251813,
  3.5277658210700595,
  3.54580531302627,
  3.5616759183218822,
  3.575579854405258,
  3.5876786860434255,
  3.598102138685997,
  3.6069544572877126,
  3.614319054208698
 ],
 "x": [
  2.9930989922826354,
  3.395268589702945,
  3.678329620786186,
  3.8955192069532427,
  4.070544272877745,
  4.216044050684809,
  4.339555867429406,
  4.44593389874338,
  4.5384845975915695,
  4.619557971747803,
  4.69088039396254,
  4.75375362958605,
  4.80917977545269,
  4.85794285707245,
  4.900663890050193,
  4.937839054633633,
  4.9698667567807275,
  4.997067153097642,
  5.019696422651173
 ],
 "c_measured": 0.9766364758612015,
 "slope": 0.32554549195373383,
 "R2": 0.9999999879646034,
 "V2a_pass": true,
 "V2b_pass": true,
 "gapped_pseudo_c": 6.34593908856865e-11,
 "gapped_saturates": true,
 "V2c_float64": 3.614319054208698,
 "V2c_mpmath": 3.8802914630001064,
 "V2c_rel": 5.190323715584504e-09,
 "V2c_pass": true,
 "all_pass": true,
 "summary": "1+1 massless chain interval entropy gives c=0.9766 (R\u00b2=1.00000); gapped control saturates (pseudo-c=0.000); float64=mpmath to 5e-09. Entropy instrument calibrated for M2."
}