{
  "-3.0": {
    "decay_exponent": -0.5213634075423429,
    "horizon_correlation": 0.8785865771126746,
    "horizon_slope": 1.138164014251887,
    "lensing_ratio": 6.754566935206537,
    "epistemic_mass_ratio": 2.5753348214285716
  },
  "-1.0": {
    "decay_exponent": -0.5222485625840173,
    "horizon_correlation": 0.8778124566342752,
    "horizon_slope": 1.1371713338509406,
    "lensing_ratio": 6.842082014850875,
    "epistemic_mass_ratio": 2.5808221726190474
  },
  "0.0": {
    "decay_exponent": -0.5226728912199085,
    "horizon_correlation": 0.8780662451197289,
    "horizon_slope": 1.1368089721640626,
    "lensing_ratio": 6.872658899959648,
    "epistemic_mass_ratio": 2.5817987351190474
  },
  "1.0": {
    "decay_exponent": -0.5230488809856733,
    "horizon_correlation": 0.8779558191246375,
    "horizon_slope": 1.1363636556742476,
    "lensing_ratio": 6.8778792678284,
    "epistemic_mass_ratio": 2.5825427827380953
  },
  "3.0": {
    "decay_exponent": -0.5237284913582579,
    "horizon_correlation": 0.8764360078117669,
    "horizon_slope": 1.1356413204848539,
    "lensing_ratio": 6.891705671399243,
    "epistemic_mass_ratio": 2.5833333333333335
  }
}