{
  "uniform": {
    "test_R2_mean": 1.0,
    "test_R2_std": 0.0,
    "spins": {
      "0.0": {
        "pro_error_mean": 0.15105467964769767,
        "pro_error_std": 0.16914919656491184,
        "ret_error_mean": 0.17323079219172136,
        "ret_error_std": 0.21771993411558702
      },
      "0.2": {
        "pro_error_mean": 0.023043022991063592,
        "pro_error_std": 0.007838099744374018,
        "ret_error_mean": 0.0346818103810469,
        "ret_error_std": 0.016133903519602994
      },
      "0.5": {
        "pro_error_mean": 0.05626121076698826,
        "pro_error_std": 0.034994903183649895,
        "ret_error_mean": 0.011426930776405672,
        "ret_error_std": 0.008107496856415975
      },
      "0.8": {
        "pro_error_mean": 0.06396718459959781,
        "pro_error_std": 0.06354980323672377,
        "ret_error_mean": 0.03709734970583447,
        "ret_error_std": 0.03868259309973197
      }
    }
  },
  "targeted": {
    "test_R2_mean": 1.0,
    "test_R2_std": 0.0,
    "spins": {
      "0.0": {
        "pro_error_mean": 0.18865765309191176,
        "pro_error_std": 0.20702146175061711,
        "ret_error_mean": 0.19829944115453077,
        "ret_error_std": 0.20187723606712787
      },
      "0.2": {
        "pro_error_mean": 0.19097778145623948,
        "pro_error_std": 0.2345580360134357,
        "ret_error_mean": 0.013155169454879774,
        "ret_error_std": 0.011090547524377641
      },
      "0.5": {
        "pro_error_mean": 0.07664570742169398,
        "pro_error_std": 0.0686179824684695,
        "ret_error_mean": 0.01632418682343673,
        "ret_error_std": 0.018516742255081573
      },
      "0.8": {
        "pro_error_mean": 0.20015538406970937,
        "pro_error_std": 0.22655316996150857,
        "ret_error_mean": 0.020052621462613242,
        "ret_error_std": 0.02413614354808442
      }
    }
  }
}