{
  "kerr": {
    "epsilon": 0.0,
    "carter_mean": 51.8399999178745,
    "carter_std": 1.5756753290355937e-08,
    "n_points": 30000,
    "std_R2": {
      "0": [
        -0.0002816915512084961,
        0.000238264532526955
      ],
      "1": [
        0.9922491908073425,
        0.0071284109726548195
      ],
      "2": [
        0.9999372959136963,
        1.4531598935718648e-05
      ],
      "3": [
        0.9998909831047058,
        5.848578439326957e-05
      ],
      "4": [
        0.9989678859710693,
        0.0013773810351267457
      ]
    },
    "white_R2": {
      "0": [
        -0.00027402242994867265,
        0.00018228578846901655
      ],
      "1": [
        0.9208776950836182,
        0.06556457281112671
      ],
      "2": [
        0.9995908141136169,
        0.0005473605706356466
      ],
      "3": [
        0.999978244304657,
        5.0362691581540275e-06
      ],
      "4": [
        0.9999635815620422,
        1.762393549142871e-05
      ]
    },
    "count": 2
  },
  "deformed": {
    "epsilon": 0.1,
    "carter_mean": 51.73782088381243,
    "carter_std": 0.00906934698125593,
    "n_points": 30000,
    "std_R2": {
      "0": [
        -0.00028173127793706954,
        0.00023839752248022705
      ],
      "1": [
        0.9967498183250427,
        0.0032428735867142677
      ],
      "2": [
        0.9998543858528137,
        0.00011493845522636548
      ],
      "3": [
        0.9992868304252625,
        0.0009107242804020643
      ],
      "4": [
        0.9990246891975403,
        0.001083735260181129
      ]
    },
    "white_R2": {
      "0": [
        -0.00027855238295160234,
        0.00018157920567318797
      ],
      "1": [
        0.9585533142089844,
        0.025852492079138756
      ],
      "2": [
        0.9997615218162537,
        0.0001618318201508373
      ],
      "3": [
        0.9997375011444092,
        0.0003422824083827436
      ],
      "4": [
        0.9999840259552002,
        2.1249704786896473e-06
      ]
    },
    "count": 2
  }
}