{
  "H1_locked_dim_is_2": false,
  "H2_free_dim_is_4": true,
  "H3_noise_dim_collapses_to_1": false,
  "all_hypotheses_passed": false,
  "verdicts": {
    "locked": {
      "resolved_dimension": 4,
      "white_R2_profile": [
        -0.0015894174575805664,
        0.2701769173145294,
        0.6894597411155701,
        0.8306977152824402,
        0.9039907455444336,
        0.9203875660896301
      ]
    },
    "free": {
      "resolved_dimension": 4,
      "white_R2_profile": [
        -0.0015736421337351203,
        0.22517482936382294,
        0.5356661081314087,
        0.7564604878425598,
        0.8227422833442688,
        0.8395237326622009
      ]
    },
    "noise": {
      "resolved_dimension": 0,
      "white_R2_profile": [
        -0.0015300512313842773,
        -0.0029337406158447266,
        -0.013820369727909565,
        -0.024330973625183105,
        -0.02943607233464718,
        -0.035645682364702225
      ]
    }
  }
}