{
  "slopes": {
    "H1": 2.3490316240186096e+21,
    "L1": 2.236558711445602e+21
  },
  "mean_slope": 2.2927951677321057e+21,
  "thresholds": {
    "ml": 0.050274737756905684,
    "comb": 0.1358176320352364
  },
  "recovery": {
    "amps": [
      0.5,
      1.0,
      1.5,
      2.0,
      3.0
    ],
    "ml": [
      0.08,
      0.28,
      0.68,
      0.68,
      0.8
    ],
    "comb": [
      0.08,
      0.48,
      0.84,
      1.0,
      1.0
    ]
  },
  "on_source": {
    "ml_score": -0.15698949205855992,
    "ml_p": 0.9032258064516129,
    "comb_score": -0.3711730349939928,
    "comb_p": 1.0
  }
}