{
  "mass": 68.0,
  "spin": 0.69,
  "n_background_segments": 159,
  "planckian": {
    "static": {
      "lambdas": [
        1e-21,
        3.1622776601683792e-21,
        1e-20,
        3.162277660168379e-20,
        1e-19,
        3.162277660168379e-19,
        1e-18,
        3.1622776601683795e-18,
        1e-17,
        3.1622776601683796e-17,
        1e-16,
        3.1622776601683793e-16,
        1e-15,
        3.1622776601683794e-15,
        1e-14,
        3.1622776601683796e-14,
        1e-13,
        3.162277660168379e-13,
        1e-12,
        3.1622776601683794e-12,
        1e-11,
        3.1622776601683794e-11,
        1e-10,
        3.1622776601683795e-10,
        1e-09,
        3.1622776601683795e-09,
        1e-08,
        3.162277660168379e-08,
        1e-07,
        3.162277660168379e-07,
        1e-06,
        3.162277660168379e-06,
        1e-05,
        3.1622776601683795e-05,
        0.0001,
        0.00031622776601683794,
        0.001,
        0.0031622776601683794,
        0.01,
        0.03162277660168379,
        0.1
      ],
      "spacings": [
        0.11696548522013082,
        0.11696488258858755,
        0.1169588785179646,
        0.11690094651781419,
        0.11646120574544451,
        0.11490416686159685,
        0.11238561418041514,
        0.10948354776215306,
        0.10645662113838925,
        0.10339009168520784,
        0.10031103495070427,
        0.09722801662283322,
        0.09414374552537266,
        0.09105907826726431,
        0.08797428573215557,
        0.08488945358098074,
        0.08180460890210581,
        0.07871976026162428,
        0.07563491036837273,
        0.07255006007896052,
        0.06946520966427132,
        0.06638035920996604,
        0.06329550874313307,
        0.06021065827233849,
        0.057125807800291147,
        0.05404095732784764,
        0.050956106855278856,
        0.04787125638267039,
        0.04478640591004905,
        0.041701555437420226,
        0.03861670496475752,
        0.03553185449179318,
        0.032447004016066115,
        0.02936215351521188,
        0.026277302788073484,
        0.023192450047966776,
        0.020107579676926713,
        0.017022557985623965,
        0.013936273112150108,
        0.010839866826753256,
        0.007668084619239505
      ],
      "on_scores": [
        -0.07059493138536833,
        -0.07056037604642926,
        -0.0702160981909074,
        -0.06680399057795447,
        -0.04163390394282378,
        0.012223909823082971,
        0.017422337071775845,
        0.08385005161935653,
        0.004867393175750218,
        -0.04955561867646884,
        -0.10965540556883177,
        -0.006502194938471477,
        -0.10792181069708026,
        -0.23703723515177264,
        -0.16079476827945388,
        -0.0982883039949455,
        -0.2630171307605071,
        -0.3598249156476886,
        -0.20598861663378476,
        -0.17123848279927945,
        -0.11264068300819771,
        0.08694504866026358,
        0.015701094194423545,
        -0.16127209455342376,
        -0.15423357140120256,
        -0.11610839695837925,
        -0.17134510002981018,
        -0.23238426955505107,
        -0.08336975141567138,
        -0.10204842474884132,
        -0.25758089414431573,
        -0.06553679430789199,
        0.0453075652823713,
        0.06258728440298864,
        -0.14234747626975885,
        -0.07796166095514276,
        -0.015318255709618714,
        0.12164411483983986,
        0.17311576018789435,
        0.4435360887392024,
        1.0092899490809062
      ],
      "p_values": [
        0.56875,
        0.56875,
        0.56875,
        0.5625,
        0.4875,
        0.30625,
        0.28125,
        0.1625,
        0.43125,
        0.6125,
        0.7875,
        0.36875,
        0.675,
        0.94375,
        0.80625,
        0.7375,
        0.95625,
        0.99375,
        0.8875,
        0.8625,
        0.8125,
        0.25,
        0.3375,
        0.8375,
        0.85,
        0.75,
        0.85625,
        0.95,
        0.66875,
        0.7375,
        0.9625,
        0.64375,
        0.28125,
        0.2125,
        0.8625,
        0.74375,
        0.61875,
        0.30625,
        0.31875,
        0.04375,
        0.05
      ]
    },
    "rotating": {
      "lambdas": [
        1e-21,
        3.1622776601683792e-21,
        1e-20,
        3.162277660168379e-20,
        1e-19,
        3.162277660168379e-19,
        1e-18,
        3.1622776601683795e-18,
        1e-17,
        3.1622776601683796e-17,
        1e-16,
        3.1622776601683793e-16,
        1e-15,
        3.1622776601683794e-15,
        1e-14,
        3.1622776601683796e-14,
        1e-13,
        3.162277660168379e-13,
        1e-12,
        3.1622776601683794e-12,
        1e-11,
        3.1622776601683794e-11,
        1e-10,
        3.1622776601683795e-10,
        1e-09,
        3.1622776601683795e-09,
        1e-08,
        3.162277660168379e-08,
        1e-07,
        3.162277660168379e-07,
        1e-06,
        3.162277660168379e-06,
        1e-05,
        3.1622776601683795e-05,
        0.0001,
        0.00031622776601683794,
        0.001,
        0.0031622776601683794,
        0.01,
        0.03162277660168379,
        0.1
      ],
      "spacings": [
        0.13928128607033413,
        0.13928056846294581,
        0.13927341887795117,
        0.13920443405332197,
        0.13868079530469507,
        0.13682668955892166,
        0.13382762316073854,
        0.1303718725840932,
        0.12676743977038826,
        0.1231158483183643,
        0.11944933950973526,
        0.11577811327683295,
        0.11210539525890323,
        0.108432205496985,
        0.10475886655651467,
        0.10108548044164395,
        0.09741207940891794,
        0.09373867365875191,
        0.09006526641680034,
        0.08639185870310474,
        0.08271845084023062,
        0.0790450429301821,
        0.07537163500521571,
        0.07169822707553189,
        0.06802481914435628,
        0.06435141121270893,
        0.0606780032809124,
        0.05700459534906861,
        0.053331187417209505,
        0.04965777948534148,
        0.04598437155343311,
        0.04231096362116556,
        0.03863755568560818,
        0.034964147720129624,
        0.031290739485194244,
        0.02761732885323709,
        0.023943897226547443,
        0.020270285409259216,
        0.016595169407749445,
        0.012908000933949844,
        0.009131075594255822
      ],
      "on_scores": [
        0.017553442700408685,
        0.01755989471459006,
        0.01762417669458074,
        0.018254056634244273,
        0.025256410845698476,
        0.045069948002206345,
        0.03346241815065626,
        0.1503326572260552,
        0.3231187864168993,
        0.04665725446178165,
        -0.07818951277891495,
        -0.007376647631981287,
        0.022009940922130974,
        0.07075699542034608,
        -0.01936782928512437,
        -0.1209601249100857,
        -0.0055448021245846565,
        -0.12385581334799406,
        -0.252453309787329,
        -0.0765033934356408,
        -0.21837843593898223,
        -0.3560591001479576,
        -0.1903998872104598,
        -0.16797192303339448,
        -0.021115962052418086,
        0.0808423882419917,
        -0.1444776346153065,
        -0.15088830701890946,
        -0.11869960174945487,
        -0.21031939611535277,
        -0.15788849762940133,
        -0.0686158024391577,
        -0.25758329881109737,
        -0.03187180903939815,
        0.06185906224750854,
        -0.0457329302300701,
        -0.10320856891011533,
        -0.021711556508845084,
        0.1244577017152388,
        0.25483532880100823,
        0.7005815530171324
      ],