{
  "y": {
    "linear": [
      0.26951175928115845,
      0.947580873966217,
      0.9774826765060425,
      0.9932981729507446,
      0.993887186050415,
      0.9936560988426208,
      0.9939436316490173
    ],
    "knn": [
      0.3789607286453247,
      0.8058112263679504,
      0.9357559680938721,
      0.9790946245193481,
      0.992159903049469,
      0.991595983505249,
      0.9918569922447205
    ]
  },
  "z_inv": {
    "linear": [
      0.7573358416557312,
      0.4410281181335449,
      0.2192823886871338,
      0.10611540079116821,
      0.030659794807434082,
      0.006391763687133789,
      0.00022530555725097656
    ],
    "knn": [
      0.5668165683746338,
      0.05632418394088745,
      -0.02199101448059082,
      -0.07775747776031494,
      -0.09216094017028809,
      -0.11605143547058105,
      -0.0948868989944458
    ]
  },
  "z_noise": {
    "linear": [
      -0.00287473201751709,
      -0.010376930236816406,
      -0.008777141571044922,
      -0.006340146064758301,
      -0.0006738901138305664,
      0.00012701749801635742,
      -0.0013232231140136719
    ],
    "knn": [
      -0.08715629577636719,
      -0.06510055065155029,
      -0.09340870380401611,
      -0.08267271518707275,
      -0.08677995204925537,
      -0.09182882308959961,
      -0.09328484535217285
    ]
  },
  "horizon_z_inv": 2,
  "horizon_z_noise": 0
}