{
 "verify": [
  {
   "r": 6.0,
   "transported": 1.8056028008855733,
   "closed_form": 1.84030236902122,
   "rel_err": 0.018855362422916303
  },
  {
   "r": 8.0,
   "transported": 1.337266352854252,
   "closed_form": 1.3158911742815356,
   "rel_err": 0.016243880185903052
  },
  {
   "r": 10.0,
   "transported": 1.0554085175183312,
   "closed_form": 1.0262953213561998,
   "rel_err": 0.02836726968964419
  },
  {
   "r": 15.0,
   "transported": 0.6828401292503994,
   "closed_form": 0.6633335223470055,
   "rel_err": 0.029406936701126842
  }
 ],
 "gate_pass": true,
 "discovered_r8": 1.322259004673409,
 "closed_r8": 1.3158911742815356,
 "discover_agrees": true,
 "spin_contrast": {
  "Schwarzschild": 1.337266352854252,
  "Kerr a=0.6": 1.5350349785717397,
  "Kerr a=0.9": 1.635660971346244
 },
 "bump_equatorial": 1.5350349785717397
}