{
 "resolutions": [
  16,
  32,
  48,
  64,
  96,
  128
 ],
 "keig": 12,
 "gap_min": 0.02,
 "gww": [
  {
   "n": 16,
   "M": 8,
   "cells": [
    904,
    888
   ],
   "d_spec": 0.05236242541519561,
   "d_coup": 0.0008969138940826345,
   "GA": 17.2934659981629,
   "GB": 17.308983707117882,
   "lamA": [
    9.06915670647095,
    12.880874518871732,
    18.781653314973955,
    23.778658114972586,
    26.253543388309648,
    33.922930954779766,
    37.748738009664116,
    40.851925689112015
   ],
   "lamB": [
    9.175465609260986,
    13.555348350148646,
    19.075866659895574,
    24.457616266536146,
    26.528740125494814,
    34.43241225185882,
    38.18182166244253,
    42.53316581370011
   ]
  },
  {
   "n": 32,
   "M": 8,
   "cells": [
    3600,
    3568
   ],
   "d_spec": 0.026570923841626955,
   "d_coup": 0.010136423205273965,
   "GA": 18.07782644229774,
   "GB": 17.895505981521822,
   "lamA": [
    9.590033560269777,
    13.706881463842931,
    19.71067900571086,
    24.952712889708835,
    27.576583000008405,
    35.396795797559285,
    40.109174945890814,
    43.48934625065916
   ],
   "lamB": [
    9.64231264539574,
    14.07108596732491,
    19.882847894866664,
    25.302609462402682,
    27.75769188557573,
    35.67466578533029,
    40.278656272459216,
    44.40594193552735
   ]
  },
  {
   "n": 48,
   "M": 8,
   "cells": [
    8088,
    8040
   ],
   "d_spec": 0.017784669178035555,
   "d_coup": 0.013876960329566812,
   "GA": 18.35203236646335,
   "GB": 18.09911679105038,
   "lamA": [
    9.772065016866687,
    14.001115566546813,
    20.032959612937734,
    25.349035675845215,
    28.03675078557036,
    35.88063794165958,
    40.88131632811793,
    44.37980732152151
   ],
   "lamB": [
    9.80664911178103,
    14.250120775021292,
    20.153655395963632,
    25.58470830130905,
    28.168412568499107,
    36.07033132519467,
    40.983163498442764,
    45.00671363185746
   ]
  },
  {
   "n": 64,
   "M": 8,
   "cells": [
    14368,
    14304
   ],
   "d_spec": 0.013362380205192205,
   "d_coup": 0.015750366934501558,
   "GA": 18.49166613648551,
   "GB": 18.20269133915198,
   "lamA": [
    9.864840312706878,
    14.15206797428469,
    20.196812930529877,
    25.548162217993607,
    28.270847100958637,
    36.12108402469924,
    41.26306959723809,
    44.82604041188834
   ],
   "lamB": [
    9.890665994610496,
    14.341173287246807,
    20.289598745193864,
    25.72585326837097,
    28.373890254051553,
    36.26492118204607,
    41.33520142159614,
    45.30198135120141
   ]
  },
  {
   "n": 96,
   "M": 8,
   "cells": [
    32304,
    32208
   ],
   "d_spec": 0.008922888687250595,
   "d_coup": 0.01762334534972679,
   "GA": 18.633065492501927,
   "GB": 18.307556820275973,
   "lamA": [
    9.958896203374506,
    14.305710300788784,
    20.362679068944363,
    25.747988077352097,
    28.507839383566434,
    36.36056437966574,
    41.641520707972646,
    45.27257846058974
   ],
   "lamB": [
    9.976032710055781,
    14.433358561394776,
    20.42606495533181,
    25.867093089795976,
    28.57949943143718,
    36.45745222863029,
    41.68674652615914,
    45.59362640517937
   ]
  },
  {
   "n": 128,
   "M": 8,
   "cells": [
    57408,
    57280
   ],
   "d_spec": 0.006697268580374053,
   "d_coup": 0.01855919463675729,
   "GA": 18.7044560508177,
   "GB": 18.360508108796346,
   "lamA": [
    10.006447174770626,
    14.383587695960122,
    20.446448797120993,
    25.848187520410274,
    28.627506470417345,
    36.47996080532948,
    41.829428754701915,
    45.49587714237274
   ],
   "lamB": [
    10.019267565236525,
    14.47991844590933,
    20.49456680995528,
    25.937764555281348,
    28.682394754569952,
    36.552985350070834,
    41.86226891688224,
    45.73804508339051
   ]
  }
 ],
 "null": [
  {
   "n": 16,
   "M": 8,
   "cells": [
    904,
    888
   ],
   "d_spec": 0.03654675670216247,
   "d_coup": 0.02387954669762947,
   "GA": 17.293465998162898,
   "GB": 17.71141635961671,
   "lamA": [
    9.069156706470942,
    12.880874518871702,
    18.781653314973912,
    23.778658114972593,
    26.253543388309556,
    33.92293095477976,
    37.74873800966413,
    40.85192568911201
   ],
   "lamB": [
    9.40060497011612,
    13.344206583445894,
    19.154099968754572,
    24.323529632960323,
    27.060355093995604,
    33.9963994918618,
    39.05070687894674,
    41.67729330078021
   ]
  },
  {
   "n": 32,
   "M": 8,
   "cells": [
    3600,
    3568
   ],
   "d_spec": 0.018629011089859916,
   "d_coup": 0.012291641556020343,
   "GA": 18.07782644229775,
   "GB": 18.30140668916517,
   "lamA": [
    9.590033560269788,
    13.706881463842926,
    19.71067900571085,
    24.952712889708778,
    27.576583000008352,
    35.3967957975593,
    40.109174945890764,
    43.48934625065925
   ],
   "lamB": [
    9.767202842339975,
    13.962227110640251,
    19.91840603259913,
    25.24861133133409,
    28.03517745773966,
    35.44963218925867,
    40.801739753308325,
    43.917907051354995
   ]
  },
  {
   "n": 48,
   "M": 8,
   "cells": [
    8088,
    8040
   ],
   "d_spec": 0.012549983796127779,
   "d_coup": 0.00825260473351642,
   "GA": 18.352032366463362,
   "GB": 18.50411196203563,
   "lamA": [
    9.772065016866675,
    14.001115566546792,
    20.03295961293774,
    25.349035675845265,
    28.03675078557038,
    35.88063794165963,
    40.88131632811788,
    44.37980732152154
   ],
   "lamB": [
    9.892842582938474,
    14.176829340034667,
    20.176534782468515,
    25.552070051813974,
    28.35552435450807,
    35.920057583241686,
    41.34940037507638,
    44.67106283332743
   ]
  },
  {
   "n": 64,
   "M": 8,
   "cells": [
    14368,
    14304
   ],
   "d_spec": 0.009459112993528099,
   "d_coup": 0.006204871413047472,
   "GA": 18.491666136485517,
   "GB": 18.60676162342375,
   "lamA": [
    9.864840312706887,
    14.152067974284702,
    20.196812930529877,
    25.548162217993585,
    28.27084710095867,
    36.12108402469923,
    41.263069597238115,
    44.82604041188828
   ],
   "lamB": [
    9.956442272307218,
    14.28593398434555,
    20.30644542733998,
    25.70271302846181,
    28.514931674594536,
    36.15229940236749,
    41.616109667401986,
    45.0469366184877
   ]
  },
  {
   "n": 96,
   "M": 8,
   "cells": [
    32304,
    32208
   ],
   "d_spec": 0.006335914567206181,
   "d_coup": 0.004142766095693725,
   "GA": 18.633065492501927,
   "GB": 18.710418151469597,
   "lamA": [
    9.958896203374502,
    14.305710300788766,
    20.3626790689444,
    25.74798807735214,
    28.507839383566385,
    36.36056437966568,
    41.64152070797262,
    45.272578460589806
   ],
   "lamB": [
    10.020652906454021,
    14.396350059077765,
    20.437086345450442,
    25.852599176881558,
    28.673952076571286,
    36.38250432416999,
    41.878022539276714,
    45.42166417912891
   ]
  },
  {
   "n": 128,
   "M": 8,
   "cells": [
    57408,
    57280
   ],
   "d_spec": 0.0047627257360211344,
   "d_coup": 0.003107953647196853,
   "GA": 18.704456050817704,
   "GB": 18.76267911050503,
   "lamA": [
    10.006447174770633,
    14.38358769596013,
    20.446448797120976,
    25.848187520410228,
    28.627506470417305,
    36.47996080532945,
    41.829428754701915,
    45.49587714237277
   ],
   "lamB": [
    10.053025899814653,
    14.452092779255997,
    20.502753877246924,
    25.927257203574683,
    28.75337833627478,
    36.496845911857214,
    42.00718647924831,
    45.608429858402324
   ]
  }
 ],
 "S3a": {
  "pass": true,
  "monotone": true,
  "d_spec_coarse": 0.05236242541519561,
  "d_spec_fine": 0.006697268580374053
 },
 "S3b": {
  "pass": false,
  "separation": 2.771158781229695,
  "persists": true,
  "d_coup_coarse": 0.0008969138940826345,
  "d_coup_fine": 0.01855919463675729
 },
 "S3c": {
  "pass": true,
  "null_fine": 0.003107953647196853,
  "null_coarse": 0.02387954669762947,
  "small_enough": true,
  "shrinks": true
 },
 "S3d": {
  "exact_agreements": [],
  "clean": true
 },
 "extrapolation": {
  "gww_limit": 0.021366392609722507,