{"mn:7.55": {"family": "mn", "x0": 7.55, "nu": 0.3493577896330623, "n": 160}, "mn:7.57": {"family": "mn", "x0": 7.57, "nu": 0.34876045583793935, "n": 160}, "mn:7.59": {"family": "mn", "x0": 7.59, "nu": 0.3480550512790411, "n": 160}, "mn:7.61": {"family": "mn", "x0": 7.61, "nu": 0.34714478823204253, "n": 160}, "mn:7.63": {"family": "mn", "x0": 7.63, "nu": 0.346112696071762, "n": 160}, "mn:7.65": {"family": "mn", "x0": 7.65, "nu": 0.3453353979102286, "n": 160}, "mn:7.67": {"family": "mn", "x0": 7.67, "nu": 0.34470738329675343, "n": 160}, "mn:7.69": {"family": "mn", "x0": 7.69, "nu": 0.34416140050601846, "n": 160}, "mn:7.71": {"family": "mn", "x0": 7.71, "nu": 0.34364760359413754, "n": 160}, "mn:7.73": {"family": "mn", "x0": 7.73, "nu": 0.34312919751296056, "n": 160}, "mn:7.75": {"family": "mn", "x0": 7.75, "nu": 0.34258244730107157, "n": 160}, "mn:7.77": {"family": "mn", "x0": 7.77, "nu": 0.3419474714210134, "n": 160}, "mn:7.79": {"family": "mn", "x0": 7.79, "nu": 0.34112492165525066, "n": 160}, "mn:7.81": {"family": "mn", "x0": 7.81, "nu": 0.34012332402187395, "n": 160}, "mn:7.83": {"family": "mn", "x0": 7.83, "nu": 0.3393009658902649, "n": 160}, "mn:7.85": {"family": "mn", "x0": 7.85, "nu": 0.33860539024045244, "n": 160}, "mn:7.87": {"family": "mn", "x0": 7.87, "nu": 0.33816366853525476, "n": 160}, "kerr:8.06": {"family": "kerr", "x0": 8.06, "nu": 0.25546262413089, "n": 160}, "kerr:8.12": {"family": "kerr", "x0": 8.12, "nu": 0.2549924483338395, "n": 160}, "kerr:8.18": {"family": "kerr", "x0": 8.18, "nu": 0.25448523466661194, "n": 160}, "kerr:8.24": {"family": "kerr", "x0": 8.24, "nu": 0.2538465733893585, "n": 160}, "kerr:8.3": {"family": "kerr", "x0": 8.3, "nu": 0.252927023863741, "n": 160}, "kerr:8.36": {"family": "kerr", "x0": 8.36, "nu": 0.25219585361976693, "n": 160}, "kerr:8.42": {"family": "kerr", "x0": 8.42, "nu": 0.2518807884500301, "n": 160}, "kerr:8.48": {"family": "kerr", "x0": 8.48, "nu": 0.2515567600954041, "n": 160}, "kerr:8.54": {"family": "kerr", "x0": 8.54, "nu": 0.25092733474252255, "n": 160}, "kerr:8.6": {"family": "kerr", "x0": 8.6, "nu": 0.25035539288678776, "n": 160}, "kerr:8.66": {"family": "kerr", "x0": 8.66, "nu": 0.25002808665181236, "n": 160}, "kerr:8.72": {"family": "kerr", "x0": 8.72, "nu": 0.24973180380958399, "n": 160}, "kerr:8.78": {"family": "kerr", "x0": 8.78, "nu": 0.24923572464517824, "n": 160}, "kerr:8.84": {"family": "kerr", "x0": 8.84, "nu": 0.24861554419746282, "n": 160}, "kerr:8.9": {"family": "kerr", "x0": 8.9, "nu": 0.24821949996332232, "n": 160}, "kerr:8.96": {"family": "kerr", "x0": 8.96, "nu": 0.2479562285130394, "n": 160}, "mn:7.89": {"family": "mn", "x0": 7.89, "nu": 0.3379846216862066, "n": 160}, "mn:7.91": {"family": "mn", "x0": 7.91, "nu": 0.33754331425664674, "n": 160}, "mn:7.93": {"family": "mn", "x0": 7.93, "nu": 0.3362104901920145, "n": 160}, "mn:7.95": {"family": "mn", "x0": 7.95, "nu": 0.33435789562667345, "n": 160}, "mn:7.97": {"family": "mn", "x0": 7.97, "nu": 0.33363302612723944, "n": 160}, "mn:7.99": {"family": "mn", "x0": 7.99, "nu": 0.33353132384105233, "n": 160}, "mn:8.01": {"family": "mn", "x0": 8.01, "nu": 0.3333773514533493, "n": 160}, "mn:8.03": {"family": "mn", "x0": 8.03, "nu": 0.3331315909630893, "n": 160}, "mn:8.05": {"family": "mn", "x0": 8.05, "nu": 0.3328729444510895, "n": 160}, "mn:8.07": {"family": "mn", "x0": 8.07, "nu": 0.33268240206409977, "n": 160}, "mn:8.09": {"family": "mn", "x0": 8.09, "nu": 0.3325868855711629, "n": 160}, "mn:8.11": {"family": "mn", "x0": 8.11, "nu": 0.3325245088834939, "n": 160}, "mn:8.13": {"family": "mn", "x0": 8.13, "nu": 0.3321602684949958, "n": 160}, "mn:8.15": {"family": "mn", "x0": 8.15, "nu": 0.33110224257526777, "n": 160}, "mn:8.17": {"family": "mn", "x0": 8.17, "nu": 0.32981143279362335, "n": 160}, "mn_fine:8.05": {"family": "mn_fine", "x0": 8.05, "nu": 0.33353926095458625, "n": 240}, "mn_fine:8.055": {"family": "mn_fine", "x0": 8.055, "nu": 0.3336058611677766, "n": 240}, "mn_fine:8.06": {"family": "mn_fine", "x0": 8.06, "nu": 0.333645794647151, "n": 240}, "mn_fine:8.065": {"family": "mn_fine", "x0": 8.065, "nu": 0.3336547174299588, "n": 240}, "mn_fine:8.07": {"family": "mn_fine", "x0": 8.07, "nu": 0.3336312737739299, "n": 240}, "mn_fine:8.075": {"family": "mn_fine", "x0": 8.075, "nu": 0.33357779034224583, "n": 240}, "mn_fine:8.08": {"family": "mn_fine", "x0": 8.08, "nu": 0.3335008141107018, "n": 240}, "mn_fine:8.085": {"family": "mn_fine", "x0": 8.085, "nu": 0.3334109255246826, "n": 240}, "mn_fine:8.09": {"family": "mn_fine", "x0": 8.09, "nu": 0.3333212375236772, "n": 240}, "mn_fine:8.095": {"family": "mn_fine", "x0": 8.095, "nu": 0.3332438346132596, "n": 240}, "mn_fine:8.1": {"family": "mn_fine", "x0": 8.1, "nu": 0.3331791103218552, "n": 240}, "mn_fine:8.105": {"family": "mn_fine", "x0": 8.105, "nu": 0.3330906270711326, "n": 240}, "mn_fine:8.11": {"family": "mn_fine", "x0": 8.11, "nu": 0.3329152330059768, "n": 240}}