{
 "a": 0.9,
 "E0": 0.95,
 "L0": 3.0,
 "design": "transit dwell (no resolvable island at this slice)",
 "runs": {
  "mn": {
   "desc": "MN q=0.6 through nu=1/3",
   "x_start": 8.15,
   "rational": 0.3333333333333333,
   "flux": {
    "dEdt": -1.0280777960852814e-05,
    "dLdt": -0.0003820469326471145
   },
   "speed": 0.00032718493284032935,
   "n_windows": 37,
   "nus": [
    0.3319264147859769,
    0.332445221503718,
    0.3326953966176086,
    0.3327941230180635,
    0.3327903327897031,
    0.3326933961563641,
    0.332483169658019,
    0.3321078599025365,
    0.3314927399018465,
    0.33061191809525153,
    0.3297377869652596,
    0.3295715991061432,
    0.33029850400478683,
    0.33124162760889725,
    0.33196510742390295,
    0.3324373380523096,
    0.332735026152397,
    0.33292522502526906,
    0.33305227236579577,
    0.33314287116884084,
    0.33321155406501907,
    0.3332685243234306,
    0.3333206241230022,
    0.33337166787227873,
    0.33342653409874046,
    0.33348988765366605,
    0.33356962230328163,
    0.33367927178790924,
    0.33384077459605727,
    0.33409183663884473,
    0.3344953194015963,
    0.33514017393018036,
    0.33606979940843673,
    0.3370091231273088,
    0.33719311828085724,
    0.3364170700740991,
    0.33543421947881374
   ],
   "taus": [
    8479.340000092243,
    9939.840000124123,
    11346.66000015483,
    12715.940000184719,
    14174.140000216548,
    15606.540000247815,
    16952.8400002772,
    18405.460000308907,
    19852.8800003405,
    21192.86000036975,
    22633.940000401206,
    24087.28000043293,
    25435.14000046235,
    26859.260000493436,
    28313.920000525188,
    29672.500000554843,
    31081.20000058559,
    32535.440000617335,
    33899.54000044128,
    35299.700000217155,
    36752.89999998454,
    38115.11999976649,
    39514.73999954245,
    40966.47999931007,
    42319.15999909354,
    43726.2999988683,
    45175.59999863631,
    46513.07999842222,
    47934.4199981947,
    49378.43999796356,
    50703.359997751475,
    52139.29999752162,
    53571.05999729244,
    54897.01999708019,
    56341.319996849,
    57749.919996623525,
    59093.65999640843
   ],
   "dwell": {
    "in_band": 18,
    "expected_uniform": 16.876652260854218,
    "dwell_ratio": 1.066562237686879,
    "nu_start": 0.3319264147859769,
    "nu_end": 0.33543421947881374,
    "swept": 0.0035078046928368467
   }
  },
  "kerr": {
   "desc": "Kerr q=0 through nu=1/4 (control)",
   "x_start": 8.78,
   "rational": 0.25,
   "flux": {
    "dEdt": -0.0001172492291493547,
    "dLdt": -0.0019163983491248292
   },
   "speed": 6.522652248009103e-05,
   "n_windows": 37,
   "nus": [
    0.24951530438881256,
    0.24951257673751417,
    0.24950687195834348,
    0.24950023064051416,
    0.24949498906292647,
    0.24949041837740676,
    0.249488314403965,
    0.24949031256054302,
    0.2494958834353577,
    0.24950542744701573,
    0.24951961029284506,
    0.24953711761290845,
    0.24955818413173975,
    0.24958194911851708,
    0.2496083041309451,
    0.24963721419627602,
    0.249668125613314,
    0.24969977849059521,
    0.24973123976584807,
    0.24976340598399302,
    0.24979628894806402,
    0.24982872970652728,
    0.24986087575315766,
    0.24989373033930773,
    0.24992645784875542,
    0.24995790666910997,
    0.24998894015919676,
    0.25002072759541033,
    0.25005336704979303,
    0.25008470785335785,
    0.2501164947123439,
    0.250149735148624,
    0.2501823109899967,
    0.2502146829912247,
    0.25024671465657594,
    0.2502795746025868,
    0.2503120349447357
   ],
   "taus": [
    9390.720000112136,
    10981.400000146858,
    12518.640000180412,
    14114.120000215238,
    15645.380000248662,
    17244.780000283572,
    18770.960000316885,
    20373.480000351865,
    21895.380000385085,
    23500.300000420117,
    25018.62000045326,
    26625.36000048833,
    28140.700000521407,
    29748.740000556507,
    31261.60000058953,
    32870.500000606,
    34381.300000364165,
    35990.700000106546,
    37499.83999986498,
    39109.379999607336,
    40617.17999936598,
    42226.57999910836,
    43733.31999886718,
    45342.299998609626,
    46848.27999836856,
    48456.57999811112,
    49962.059997870136,
    51569.37999761285,
    53074.6399973719,
    54680.69999711482,
    56186.03999687386,
    57790.53999661702,
    59296.259996376,
    60898.81999611948,
    62405.279995878336,
    64005.53999562218,
    65513.13999538086
   ],
   "dwell": {
    "in_band": 37,
    "expected_uniform": 37.0,
    "dwell_ratio": 1.0,
    "nu_start": 0.24951530438881256,
    "nu_end": 0.2503120349447357,
    "swept": 0.0007967305559231364
   }
  }
 },
 "mn_over_kerr_dwell": 1.066562237686879
}